{
	"description": "Echo Admin",
	"setting": {
		"urlCheck": true,
		"es6": false,
		"postcss": false,
		"minified": false,
		"newFeature": true
	},
	"compileType": "miniprogram",
	"appid": "wx7475001116eabd77",
	"projectname": "echo-admin",
	"miniprogramRoot": "dist/",
	"condition": {
		"search": {
			"current": -1,
			"list": []
		},
		"conversation": {
			"current": -1,
			"list": []
		},
		"plugin": {
			"current": -1,
			"list": []
		},
		"game": {
			"list": []
		},
		"miniprogram": {
			"current": -1,
			"list": []
		}
	}
}